-- Building Classes 
INSERT INTO BuildingClasses	(Type,										Description,								DefaultBuilding,					MaxGlobalInstances, MaxTeamInstances,	MaxPlayerInstances) VALUES
							('BUILDINGCLASS_HONOR_BARRACKS',			'TXT_KEY_BUILDING_HONOR_BARRACKS',			'BUILDING_HONOR_BARRACKS',			-1,					-1,					1),
							('BUILDINGCLASS_LIBERTY_HOUSE',				'TXT_KEY_BUILDING_LIBERTY_HOUSE',			'BUILDING_LIBERTY_HOUSE',			-1,					-1,					1),
							('BUILDINGCLASS_COMMERCE_MARKET',			'TXT_KEY_BUILDING_COMMERCE_MARKET',			'BUILDING_COMMERCE_MARKET',			-1,					-1,					1),
							('BUILDINGCLASS_TRADITION_LORDSCASTLE',		'TXT_KEY_BUILDING_TRADITION_LORDSCASTLE',	'BUILDING_TRADITION_LORDSCASTLE',	-1,					-1,					1),
							('BUILDINGCLASS_PATRONAGE_COUNCIL',			'TXT_KEY_BUILDING_PATRONAGE_COUNCIL',		'BUILDING_PATRONAGE_COUNCIL',		-1,					-1,					1),
							('BUILDINGCLASS_EXPLORATION_SHIPYARD',		'TXT_KEY_BUILDING_EXPLORATION_SHIPYARD',	'BUILDING_EXPLORATION_SHIPYARD',	-1,					-1,					1),
							('BUILDINGCLASS_PIETY_HOLYSECT',			'TXT_KEY_BUILDING_PIETY_HOLYSECT',			'BUILDING_PIETY_HOLYSECT',			-1,					-1,					1),
							('BUILDINGCLASS_RATIONALISM_BASE',			'TXT_KEY_BUILDING_RATIONALISM_BASE',		'BUILDING_RATIONALISM_BASE',		-1,					-1,					1),
							('BUILDINGCLASS_AESTHETICS_GRANDHALL',		'TXT_KEY_BUILDING_AESTHETICS_GRANDHALL',	'BUILDING_AESTHETICS_GRANDHALL',	-1,					-1,					1);
-- BUildings
INSERT INTO Buildings		(Type,									BuildingClass,								Cost,		PrereqPolicy,						Help,												Description,									Civilopedia,											Strategy,												ArtDefineTag,							SpecialistType,						SpecialistCount,	FreePromotion,			Happiness,			TradeRouteRecipientBonus,	TradeRouteTargetBonus,	NumTradeRouteBonus, TradeRouteSeaDistanceModifier,	TradeRouteLandDistanceModifier, TradeRouteSeaGoldBonus, TradeRouteLandGoldBonus,	NukeImmune, HurryCostModifier,	NeverCapture,	IconAtlas,					PortraitIndex) VALUES
							('BUILDING_HONOR_BARRACKS',				'BUILDINGCLASS_HONOR_BARRACKS',				300,		'POLICY_PROFESSIONAL_ARMY',			'TXT_KEY_BUILDING_HONOR_BARRACKS_HELP',				'TXT_KEY_BUILDING_HONOR_BARRACKS',				'TXT_KEY_BUILDING_HONOR_BARRACKS_PEDIA',				'TXT_KEY_BUILDING_HONOR_BARRACKS_STRATEGY',				'ART_DEF_BUILDING_MARKET',				'SPECIALIST_ENGINEER',				2,					null,					0,					1,							1,						1,					0,								0,								0,						0,							1,			0,					1,				'HA_BUILDINGS_A',			1),
							('BUILDING_LIBERTY_HOUSE',				'BUILDINGCLASS_LIBERTY_HOUSE',				300,		'POLICY_REPRESENTATION',			'TXT_KEY_BUILDING_LIBERTY_HOUSE_HELP',				'TXT_KEY_BUILDING_LIBERTY_HOUSE',				'TXT_KEY_BUILDING_LIBERTY_HOUSE_PEDIA',					'TXT_KEY_BUILDING_LIBERTY_HOUSE_STRATEGY',				'ART_DEF_BUILDING_MARKET',				'SPECIALIST_MERCHANT',				2,					null,					2,					2,							2,						1,					0,								0,								0,						0,							1,			0,					1,				'HA_BUILDINGS_A',			3),
							('BUILDING_COMMERCE_MARKET',			'BUILDINGCLASS_COMMERCE_MARKET',			900,		'POLICY_PROTECTIONISM',				'TXT_KEY_BUILDING_COMMERCE_MARKET_HELP',			'TXT_KEY_BUILDING_COMMERCE_MARKET',				'TXT_KEY_BUILDING_COMMERCE_MARKET_PEDIA',				'TXT_KEY_BUILDING_COMMERCE_MARKET_STRATEGY',			'ART_DEF_BUILDING_MARKET',				'SPECIALIST_MERCHANT',				2,					null,					4,					3,							3,						2,					0,								15,								0,						3,							1,			0,					1,				'HA_BUILDINGS_A',			5),
							('BUILDING_TRADITION_LORDSCASTLE',		'BUILDINGCLASS_TRADITION_LORDSCASTLE',		300,		'POLICY_MONARCHY',					'TXT_KEY_BUILDING_TRADITION_LORDSCASTLE_HELP',		'TXT_KEY_BUILDING_TRADITION_LORDSCASTLE',		'TXT_KEY_BUILDING_TRADITION_LORDSCASTLE_PEDIA',			'TXT_KEY_BUILDING_TRADITION_LORDSCASTLE_STRATEGY',		'ART_DEF_BUILDING_MARKET',				'SPECIALIST_ENGINEER',				2,					null,					0,					2,							2,						1,					0,								0,								0,						0,							1,			0,					1,				'HA_BUILDINGS_A',			13),
							('BUILDING_PATRONAGE_COUNCIL',			'BUILDINGCLASS_PATRONAGE_COUNCIL',			600,		'POLICY_CULTURAL_DIPLOMACY',		'TXT_KEY_BUILDING_PATRONAGE_COUNCIL_HELP',			'TXT_KEY_BUILDING_PATRONAGE_COUNCIL',			'TXT_KEY_BUILDING_PATRONAGE_COUNCIL_PEDIA',				'TXT_KEY_BUILDING_PATRONAGE_COUNCIL_STRATEGY',			'ART_DEF_BUILDING_MARKET',				'SPECIALIST_WRITER',				2,					null,					2,					1,							1,						1,					0,								0,								0,						0,							1,			0,					1,				'HA_BUILDINGS_A',			10),
							('BUILDING_EXPLORATION_SHIPYARD',		'BUILDINGCLASS_EXPLORATION_SHIPYARD',		900,		'POLICY_TREASURE_FLEETS',			'TXT_KEY_BUILDING_EXPLORATION_SHIPYARD_HELP',		'TXT_KEY_BUILDING_EXPLORATION_SHIPYARD',		'TXT_KEY_BUILDING_EXPLORATION_SHIPYARD_PEDIA',			'TXT_KEY_BUILDING_EXPLORATION_SHIPYARD_STRATEGY',		'ART_DEF_BUILDING_MARKET',				'SPECIALIST_MERCHANT',				2,					null,					6,					3,							3,						2,					0,								15,								0,						3,							1,			0,					1,				'HA_BUILDINGS_A',			9),
							('BUILDING_PIETY_HOLYSECT',				'BUILDINGCLASS_PIETY_HOLYSECT',				300,		'POLICY_REFORMATION',				'TXT_KEY_BUILDING_PIETY_HOLYSECT_HELP',				'TXT_KEY_BUILDING_PIETY_HOLYSECT',				'TXT_KEY_BUILDING_PIETY_HOLYSECT_PEDIA',				'TXT_KEY_BUILDING_PIETY_HOLYSECT_STRATEGY',				'ART_DEF_BUILDING_MARKET',				'SPECIALIST_MUSICIAN',				2,					null,					0,					2,							2,						1,					0,								0,								0,						0,							1,			0,					1,				'HA_BUILDINGS_A',			12),
							('BUILDING_RATIONALISM_BASE',			'BUILDINGCLASS_RATIONALISM_BASE',			1200,		'POLICY_SCIENTIFIC_REVOLUTION',		'TXT_KEY_BUILDING_RATIONALISM_BASE_HELP',			'TXT_KEY_BUILDING_RATIONALISM_BASE',			'TXT_KEY_BUILDING_RATIONALISM_BASE_PEDIA',				'TXT_KEY_BUILDING_RATIONALISM_BASE_STRATEGY',			'ART_DEF_BUILDING_MARKET',				'SPECIALIST_ENGINEER',				2,					null,					0,					1,							1,						1,					0,								0,								0,						0,							1,			0,					1,				'HA_BUILDINGS_A',			6),
							('BUILDING_AESTHETICS_GRANDHALL',		'BUILDINGCLASS_AESTHETICS_GRANDHALL',		600,		'POLICY_ETHICS',					'TXT_KEY_BUILDING_AESTHETICS_GRANDHALL_HELP',		'TXT_KEY_BUILDING_AESTHETICS_GRANDHALL',		'TXT_KEY_BUILDING_AESTHETICS_GRANDHALL_PEDIA',			'TXT_KEY_BUILDING_AESTHETICS_GRANDHALL_STRATEGY',		'ART_DEF_BUILDING_MARKET',				'SPECIALIST_ARTIST',				2,					null,					2,					1,							1,						1,					0,								0,								0,						0,							1,			0,					1,				'HA_BUILDINGS_A',			4);
--  Building Free Experience
INSERT INTO Building_UnitCombatFreeExperiences	(BuildingType,							UnitCombatType,					Experience) VALUES
												('BUILDING_HONOR_BARRACKS',				'UNITCOMBAT_ARCHER',			25),
												('BUILDING_TRADITION_LORDSCASTLE',		'UNITCOMBAT_MOUNTED',			25),
												('BUILDING_EXPLORATION_SHIPYARD',		'UNITCOMBAT_NAVALMELEE',		15),
												('BUILDING_EXPLORATION_SHIPYARD',		'UNITCOMBAT_NAVALRANGED',		15),
												('BUILDING_PIETY_HOLYSECT',				'UNITCOMBAT_MELEE',				15),
												('BUILDING_RATIONALISM_BASE',			'UNITCOMBAT_GUN',				25),
												('BUILDING_RATIONALISM_BASE',			'UNITCOMBAT_ARMOR',				25);
-- Building Flavors
INSERT INTO Building_Flavors	(BuildingType,							FlavorType,						Flavor) VALUES
								('BUILDING_HONOR_BARRACKS',				'FLAVOR_MILITARY_TRAINING',		32),
								('BUILDING_LIBERTY_HOUSE',				'FLAVOR_GROWTH',				32),
								('BUILDING_LIBERTY_HOUSE',				'FLAVOR_SCIENCE',				32),
								('BUILDING_COMMERCE_MARKET',			'FLAVOR_GOLD',					32),
								('BUILDING_COMMERCE_MARKET',			'FLAVOR_SCIENCE',				32),
								('BUILDING_TRADITION_LORDSCASTLE',		'FLAVOR_MILITARY_TRAINING',		32),
								('BUILDING_TRADITION_LORDSCASTLE',		'FLAVOR_SCIENCE',				32),
								('BUILDING_PATRONAGE_COUNCIL',			'FLAVOR_CULTURE',				32),
								('BUILDING_PATRONAGE_COUNCIL',			'FLAVOR_SCIENCE',				32),
								('BUILDING_EXPLORATION_SHIPYARD',		'FLAVOR_MILITARY_TRAINING',		32),
								('BUILDING_EXPLORATION_SHIPYARD',		'FLAVOR_SCIENCE',				32),
								('BUILDING_PIETY_HOLYSECT',				'FLAVOR_MILITARY_TRAINING',		32),
								('BUILDING_PIETY_HOLYSECT',				'FLAVOR_SCIENCE',				32),
								('BUILDING_PIETY_HOLYSECT',				'FLAVOR_RELIGION',				32),
								('BUILDING_RATIONALISM_BASE',			'FLAVOR_MILITARY_TRAINING',		32),
								('BUILDING_RATIONALISM_BASE',			'FLAVOR_SCIENCE',				32),
								('BUILDING_AESTHETICS_GRANDHALL',		'FLAVOR_CULTURE',				32),
								('BUILDING_AESTHETICS_GRANDHALL',		'FLAVOR_SCIENCE',				32);
-- Building Resource Requirements
INSERT INTO Building_LocalResourceOrs	(BuildingType,							ResourceType) VALUES
										('BUILDING_HONOR_BARRACKS',				'RESOURCE_FLAX'),
										('BUILDING_LIBERTY_HOUSE',				'RESOURCE_TIN'),
										('BUILDING_LIBERTY_HOUSE',				'RESOURCE_AMBER'),
										('BUILDING_COMMERCE_MARKET',			'RESOURCE_RUBBER'),
										('BUILDING_COMMERCE_MARKET',			'RESOURCE_MANGANESE'),
										('BUILDING_COMMERCE_MARKET',			'RESOURCE_JADE'),
										('BUILDING_TRADITION_LORDSCASTLE',		'RESOURCE_COCONUT'),
										('BUILDING_TRADITION_LORDSCASTLE',		'RESOURCE_MANGO'),
										('BUILDING_PATRONAGE_COUNCIL',			'RESOURCE_TEA'),
										('BUILDING_EXPLORATION_SHIPYARD',		'RESOURCE_TOBACCO'),
										('BUILDING_EXPLORATION_SHIPYARD',		'RESOURCE_CACAO'),
										('BUILDING_EXPLORATION_SHIPYARD',		'RESOURCE_POPPY'),
										('BUILDING_PIETY_HOLYSECT',				'RESOURCE_ALOEVERA'),
										('BUILDING_PIETY_HOLYSECT',				'RESOURCE_BERRIES'),
										('BUILDING_RATIONALISM_BASE',			'RESOURCE_TITANIUM'),
										('BUILDING_AESTHETICS_GRANDHALL',		'RESOURCE_WOOD');
-- Building Yields
-- Set Amount
INSERT INTO Building_YieldChanges		(BuildingType,							YieldType,					Yield) VALUES
										('BUILDING_HONOR_BARRACKS',				'YIELD_PRODUCTION',			4),
										('BUILDING_LIBERTY_HOUSE',				'YIELD_FOOD',				4),
										('BUILDING_COMMERCE_MARKET',			'YIELD_GOLD',				4),
										('BUILDING_TRADITION_LORDSCASTLE',		'YIELD_PRODUCTION',			4),
										('BUILDING_PATRONAGE_COUNCIL',			'YIELD_CULTURE',			4),
										('BUILDING_EXPLORATION_SHIPYARD',		'YIELD_GOLD',				4),
										('BUILDING_PIETY_HOLYSECT',				'YIELD_FAITH',				4),
										('BUILDING_RATIONALISM_BASE',			'YIELD_PRODUCTION',			4),
										('BUILDING_AESTHETICS_GRANDHALL',		'YIELD_CULTURE',			4);

-- Percentage
INSERT INTO Building_YieldModifiers (BuildingType,							YieldType,				Yield) VALUES
									('BUILDING_HONOR_BARRACKS',				'YIELD_PRODUCTION',		10),
									('BUILDING_LIBERTY_HOUSE',				'YIELD_FOOD',			10),
									('BUILDING_COMMERCE_MARKET',			'YIELD_GOLD',			10),
									('BUILDING_TRADITION_LORDSCASTLE',		'YIELD_PRODUCTION',		10),
									('BUILDING_PATRONAGE_COUNCIL',			'YIELD_CULTURE',		10),
									('BUILDING_EXPLORATION_SHIPYARD',		'YIELD_GOLD',			10),
									('BUILDING_PIETY_HOLYSECT',				'YIELD_FAITH',			10),
									('BUILDING_RATIONALISM_BASE',			'YIELD_PRODUCTION',		10),
									('BUILDING_AESTHETICS_GRANDHALL',		'YIELD_CULTURE',		10);
-- Building Resource Yields
INSERT INTO Building_ResourceYieldModifiers		(BuildingType,							ResourceType,					YieldType,				Yield) VALUES
												('BUILDING_HONOR_BARRACKS',				'RESOURCE_FLAX',				'YIELD_PRODUCTION',		2),
												('BUILDING_LIBERTY_HOUSE',				'RESOURCE_TIN',					'YIELD_FOOD',			1),
												('BUILDING_LIBERTY_HOUSE',				'RESOURCE_AMBER',				'YIELD_GOLD',			1),
												('BUILDING_COMMERCE_MARKET',			'RESOURCE_RUBBER',				'YIELD_GOLD',			1),
												('BUILDING_COMMERCE_MARKET',			'RESOURCE_MANGANESE',			'YIELD_GOLD',			1),
												('BUILDING_COMMERCE_MARKET',			'RESOURCE_JADE',				'YIELD_GOLD',			1),
												('BUILDING_TRADITION_LORDSCASTLE',		'RESOURCE_COCONUT',				'YIELD_PRODUCTION',		1),
												('BUILDING_TRADITION_LORDSCASTLE',		'RESOURCE_MANGO',				'YIELD_PRODUCTION',		1),
												('BUILDING_PATRONAGE_COUNCIL',			'RESOURCE_TEA',					'YIELD_CULTURE',		2),
												('BUILDING_EXPLORATION_SHIPYARD',		'RESOURCE_TOBACCO',				'YIELD_GOLD',			1),
												('BUILDING_EXPLORATION_SHIPYARD',		'RESOURCE_CACAO',				'YIELD_GOLD',			1),
												('BUILDING_EXPLORATION_SHIPYARD',		'RESOURCE_POPPY',				'YIELD_GOLD',			1),
												('BUILDING_PIETY_HOLYSECT',				'RESOURCE_ALOEVERA',			'YIELD_FAITH',			1),
												('BUILDING_PIETY_HOLYSECT',				'RESOURCE_BERRIES',				'YIELD_FAITH',			1),
												('BUILDING_RATIONALISM_BASE',			'RESOURCE_TITANIUM',			'YIELD_PRODUCTION',		2),
												('BUILDING_AESTHETICS_GRANDHALL',		'RESOURCE_WOOD',				'YIELD_CULTURE',		2);
-- Text
INSERT INTO Language_en_US	(Tag,														Text) VALUES
							('TXT_KEY_BUILDING_HONOR_BARRACKS',							'Militia Barracks'),
							('TXT_KEY_BUILDING_HONOR_BARRACKS_HELP',					'Militia Barracks'),
							('TXT_KEY_BUILDING_HONOR_BARRACKS_PEDIA',					'Militia Barracks (Placeholder Text)'),
							('TXT_KEY_BUILDING_HONOR_BARRACKS_STRATEGY',				'Militia Barracks'),
							('TXT_KEY_BUILDING_LIBERTY_HOUSE',							'Lords Manor'),
							('TXT_KEY_BUILDING_LIBERTY_HOUSE_HELP',						'Lords Manor'),
							('TXT_KEY_BUILDING_LIBERTY_HOUSE_PEDIA',					'Lords Manor(Placeholder Text)'),
							('TXT_KEY_BUILDING_LIBERTY_HOUSE_STRATEGY',					'Lords Manor'),
							('TXT_KEY_BUILDING_COMMERCE_MARKET',						'Merchants Guild'),
							('TXT_KEY_BUILDING_COMMERCE_MARKET_HELP',					'Merchants Guild'),
							('TXT_KEY_BUILDING_COMMERCE_MARKET_PEDIA',					'Merchants Guild(Placeholder Text)'),
							('TXT_KEY_BUILDING_COMMERCE_MARKET_STRATEGY',				'Merchants Guild'),
							('TXT_KEY_BUILDING_TRADITION_LORDSCASTLE',					'Knights Castle'),
							('TXT_KEY_BUILDING_TRADITION_LORDSCASTLE_HELP',				'Knights Castle'),
							('TXT_KEY_BUILDING_TRADITION_LORDSCASTLE_PEDIA',			'Knights Castle(Placeholder Text)'),
							('TXT_KEY_BUILDING_TRADITION_LORDSCASTLE_STRATEGY',			'Knights Castle'),
							('TXT_KEY_BUILDING_PATRONAGE_COUNCIL',						'Forigen Embassy'),
							('TXT_KEY_BUILDING_PATRONAGE_COUNCIL_HELP',					'Forigen Embassy'),
							('TXT_KEY_BUILDING_PATRONAGE_COUNCIL_PEDIA',				'Forigen Embassy(Placeholder Text)'),
							('TXT_KEY_BUILDING_PATRONAGE_COUNCIL_STRATEGY',				'Forigen Embassy'),
							('TXT_KEY_BUILDING_EXPLORATION_SHIPYARD',					'Merchants Warf'),
							('TXT_KEY_BUILDING_EXPLORATION_SHIPYARD_HELP',				'Merchants Warf'),
							('TXT_KEY_BUILDING_EXPLORATION_SHIPYARD_PEDIA',				'Merchants Warf(Placeholder Text)'),
							('TXT_KEY_BUILDING_EXPLORATION_SHIPYARD_STRATEGY',			'Merchants Warf'),
							('TXT_KEY_BUILDING_PIETY_HOLYSECT',							'Fortified Abbey'),
							('TXT_KEY_BUILDING_PIETY_HOLYSECT_HELP',					'Fortified Abbey'),
							('TXT_KEY_BUILDING_PIETY_HOLYSECT_PEDIA',					'Fortified Abbey(Placeholder Text)'),
							('TXT_KEY_BUILDING_PIETY_HOLYSECT_STRATEGY',				'Fortified Abbey'),
							('TXT_KEY_BUILDING_RATIONALISM_BASE',						'Military Academy of Excellence'),
							('TXT_KEY_BUILDING_RATIONALISM_BASE_HELP',					'Military Academy of Excellence'),
							('TXT_KEY_BUILDING_RATIONALISM_BASE_PEDIA',					'Military Academy of Excellence(Placeholder Text)'),
							('TXT_KEY_BUILDING_RATIONALISM_BASE_STRATEGY',				'Military Academy of Excellence'),
							('TXT_KEY_BUILDING_AESTHETICS_GRANDHALL',					'Grand Hall'),
							('TXT_KEY_BUILDING_AESTHETICS_GRANDHALL_HELP',				'Grand Hall'),
							('TXT_KEY_BUILDING_AESTHETICS_GRANDHALL_PEDIA',				'Grand Hall(Placeholder Text)'),
							('TXT_KEY_BUILDING_AESTHETICS_GRANDHALL_STRATEGY',			'Grand Hall');
-- Debug
INSERT INTO HADebugTableCheck(Num, FileName) VALUES (26, 'HA_Buidings.sql');
--